{"max_jet": [3026.2890625, 2.5179970264434814, 573.6165161132812, 30.0], "min_jet": [209.00767517089844, -2.769564628601074, 3.3525891304016113, 5.0], "max_particle": [0.7987739443778992, 0.4881715774536133, 1.0], "min_particle": [-0.7971470355987549, -0.520724892616272, 0.10652828216552734], "mean_jet": [-0.8689379096031189, 0.10549760609865189, -1.7801015377044678, 11.886967658996582], "std_jet": [0.20484685897827148, 0.6351892948150635, 0.6009520888328552, 4.559921741485596], "mean_particle": [-0.00204875017516315, 0.06730853021144867, 3.9982407093048096], "std_particle": [0.22941996157169342, 0.3781794011592865, 1.2626245021820068]}