{"max_jet": [3026.2890625, 2.5179970264434814, 573.6165161132812, 150.0], "min_jet": [209.00767517089844, -2.769564628601074, 3.3525891304016113, 5.0], "max_particle": [0.7997554540634155, 0.5946930646896362, 1.0], "min_particle": [-0.7986264824867249, -0.5702185034751892, 0.10652828216552734], "mean_jet": [-0.8689379096031189, 0.10549760609865189, -1.7801015377044678, -0.89762282371521], "std_jet": [0.20484685897827148, 0.6351892948150635, 0.6009520888328552, 0.7672670483589172], "mean_particle": [-0.0015126083744689822, -0.043832771480083466, 4.443049430847168], "std_particle": [0.2893548607826233, 0.40296751260757446, 1.5980323553085327]}