{"mean_jet_0": [1132.7701416015625, -0.0017245287308469415, 95.85183715820312, 66.57086181640625], "std_jet_0": [196.85345458984375, 0.6765504479408264, 47.759132385253906, 22.027584075927734], "mean_particle_0": [-0.0001179397659143433, 0.00015892929513938725, -0.01551139634102583], "std_particle_0": [0.11690792441368103, 0.11416438221931458, 0.03578753024339676], "mean_jet_1": [1018.6629028320312, 0.003670763922855258, 58.859371185302734, 38.281463623046875], "std_jet_1": [91.0129165649414, 0.8825715184211731, 35.31914138793945, 16.9763240814209], "mean_particle_1": [-5.857572250533849e-05, -0.0001042832518578507, -0.028998246416449547], "std_particle_1": [0.11096147447824478, 0.10798386484384537, 0.08009909093379974], "mean_jet_2": [994.8959350585938, -0.002147034043446183, 145.38607788085938, 62.979393005371094], "std_jet_2": [89.64014434814453, 0.7141944766044617, 36.84486770629883, 17.49935531616211], "mean_particle_2": [-0.00014578421541955322, -3.724922498804517e-05, -0.016412731260061264], "std_particle_2": [0.13720768690109253, 0.13654787838459015, 0.034002624452114105], "mean_jet_3": [1041.3306884765625, 0.0017277041915804148, 79.6977310180664, 38.62912368774414], "std_jet_3": [66.58292388916016, 0.7897114753723145, 11.567231178283691, 11.413661003112793], "mean_particle_3": [-6.364412456605351e-06, -8.981813880382106e-05, -0.027826903387904167], "std_particle_3": [0.09109620749950409, 0.08904002606868744, 0.06281261891126633], "mean_jet_4": [1040.5306396484375, -0.0038072247989475727, 89.12318420410156, 40.20711135864258], "std_jet_4": [65.1487808227539, 0.7592601776123047, 13.911351203918457, 12.172898292541504], "mean_particle_4": [2.2730209821020253e-05, 8.773656008997932e-05, -0.026711387559771538], "std_particle_4": [0.09693686664104462, 0.09517905116081238, 0.061445217579603195]}