{"mean_jet_0": [1132.7701416015625, -0.0017245287308469415, 95.85183715820312, 29.88815689086914], "std_jet_0": [196.85345458984375, 0.6765504479408264, 47.759132385253906, 0.9735508561134338], "mean_particle_0": [-0.0001398031454300508, 0.00014282698975875974, -0.03195018693804741], "std_particle_0": [0.07759638130664825, 0.07641807943582535, 0.050174880772829056], "min_jet_0": [244.57797241210938, -2.3196356296539307, 8.11206340789795, 7.0], "max_jet_0": [2989.173583984375, 2.5179970264434814, 573.6165161132812, 30.0], "min_particle_0": [-1.4143489599227905, -0.5207129716873169, -1.922471523284912], "max_particle_0": [0.9977482557296753, 0.48714974522590637, 0.0], "mean_jet_1": [1018.6629028320312, 0.003670763922855258, 58.859371185302734, 27.397396087646484], "std_jet_1": [91.0129165649414, 0.8825715184211731, 35.31914138793945, 4.377553939819336], "mean_particle_1": [-9.663115633884445e-05, -2.3744920326862484e-05, -0.03988363966345787], "std_particle_1": [0.09248477220535278, 0.09036043286323547, 0.09396947920322418], "min_jet_1": [209.00767517089844, -2.769564628601074, 4.728776931762695, 6.0], "max_jet_1": [1991.3387451171875, 2.4059691429138184, 301.7225036621094, 30.0], "min_particle_1": [-1.6217488050460815, -0.44785988330841064, -2.2037649154663086], "max_particle_1": [0.9990348219871521, 0.44157853722572327, 0.0], "mean_jet_2": [994.8959350585938, -0.002147034043446183, 145.38607788085938, 29.944259643554688], "std_jet_2": [89.64014434814453, 0.7141944766044617, 36.84486770629883, 0.5975353121757507], "mean_particle_2": [-9.06626974028768e-06, -1.8015129171544686e-05, -0.03193177282810211], "std_particle_2": [0.11609488725662231, 0.11702018231153488, 0.045462336391210556], "min_jet_2": [366.6522216796875, -2.252756118774414, 13.324050903320312, 11.0], "max_jet_2": [3026.2890625, 2.2734293937683105, 414.0380859375, 30.0], "min_particle_2": [-1.4279098510742188, -0.466971218585968, -1.9319268465042114], "max_particle_2": [0.9469169974327087, 0.5010035037994385, 0.0], "mean_jet_3": [1041.3306884765625, 0.0017277041915804148, 79.6977310180664, 28.878631591796875], "std_jet_3": [66.58292388916016, 0.7897114753723145, 11.567231178283691, 2.6992743015289307], "mean_particle_3": [9.930803935276344e-05, -9.175224840873852e-05, -0.03662705048918724], "std_particle_3": [0.077851302921772, 0.07743073999881744, 0.07079114019870758], "min_jet_3": [652.5564575195312, -2.3270344734191895, 3.3525891304016113, 6.0], "max_jet_3": [2365.829833984375, 2.3111636638641357, 346.4464111328125, 30.0], "min_particle_3": [-1.4628589153289795, -0.39972159266471863, -2.041429281234741], "max_particle_3": [1.0023216009140015, 0.4039098918437958, 0.0], "mean_jet_4": [1040.5306396484375, -0.0038072247989475727, 89.12318420410156, 29.029773712158203], "std_jet_4": [65.1487808227539, 0.7592601776123047, 13.911351203918457, 2.553126096725464], "mean_particle_4": [7.727424235781655e-05, 0.00011577375698834658, -0.03630048409104347], "std_particle_4": [0.08380471169948578, 0.08351241052150726, 0.07033699005842209], "min_jet_4": [696.0123291015625, -2.4059231281280518, 4.9323039054870605, 5.0], "max_jet_4": [2791.536376953125, 2.3159523010253906, 335.67059326171875, 30.0], "min_particle_4": [-1.5926913022994995, -0.4518163800239563, -2.239344835281372], "max_particle_4": [1.0012444257736206, 0.43228134512901306, 0.0]}